id,product_id,product_name,price,unit,quantity,link,category,sub_category_1,sub_category_2,created_date,online_partner
1,590000086,Coconut 1 pc (Approx 350 g - 600 g),41.67,600,g,https://www.jiomart.com/p/groceries/coconut-1-pc/590000086,Groceries,Fruits & Vegetables,Fresh Vegetables,16/02/2022 11:56,Jiomart
2,590000091,Tomato Country 1 kg,14,1,kg,https://www.jiomart.com/p/groceries/tomato-country-1-kg/590000091,Groceries,Fruits & Vegetables,Fresh Vegetables,17/02/2022 11:56,Jiomart
3,590000092,Tomato 1 kg,18,1,kg,https://www.jiomart.com/p/groceries/tomato-1-kg/590000092,Groceries,Fruits & Vegetables,Fresh Vegetables,18/02/2022 11:56,Jiomart
4,590000136,White Radish 1 kg,14,1,kg,https://www.jiomart.com/p/groceries/raddish-white-1-kg/590000136,Groceries,Fruits & Vegetables,Fresh Vegetables,19/02/2022 11:56,Jiomart
5,590000160,Stringless Beans 500 g,20,500,g,https://www.jiomart.com/p/groceries/beans-string-less-500-g/590000160,Groceries,Fruits & Vegetables,Fresh Vegetables,20/02/2022 11:56,Jiomart
6,590000170,Cucumber Regular 1 kg,15,1,kg,https://www.jiomart.com/p/groceries/cucumber-1-kg/590000170,Groceries,Fruits & Vegetables,Fresh Vegetables,21/02/2022 11:56,Jiomart
7,590000171,Cucumber Madras 1 kg,15,1,kg,https://www.jiomart.com/p/groceries/cucumber-madras-1-kg/590000171,Groceries,Fruits & Vegetables,Fresh Vegetables,22/02/2022 11:56,Jiomart
8,590000174,Lauki (Bottle Gourd) 1 kg,19,1,kg,https://www.jiomart.com/p/groceries/lauki-bottle-gourd-1-kg/590000174,Groceries,Fruits & Vegetables,Fresh Vegetables,23/02/2022 11:56,Jiomart
9,590000186,Carrot Orange 500 g,89,500,g,https://www.jiomart.com/p/groceries/carrot-regular-1-kg/590000186,Groceries,Fruits & Vegetables,Fresh Vegetables,24/02/2022 11:56,Jiomart
10,590000619,Cauliflower 1 pc (Approx 600 g - 1000 g),24,1000,g,https://www.jiomart.com/p/groceries/cauliflower-1-pc/590000619,Groceries,Fruits & Vegetables,Fresh Vegetables,25/02/2022 11:56,Jiomart
11,590001266,Sweet Corn 1 pc (Approx 250 g - 450 g),42.22,450,g,https://www.jiomart.com/p/groceries/sweet-corn-1-pc/590001266,Groceries,Fruits & Vegetables,Fresh Vegetables,26/02/2022 11:56,Jiomart
12,590002370,Cabbage 1 pc (Approx 600 g - 1000 g),30,1000,g,https://www.jiomart.com/p/groceries/cabbage-1-pc/590002370,Groceries,Fruits & Vegetables,Fresh Vegetables,27/02/2022 11:56,Jiomart
13,590003515,Onion 1 kg,37,1,kg,https://www.jiomart.com/p/groceries/lentil-sprouts-200-g/590003515,Groceries,Fruits & Vegetables,Fresh Vegetables,28/02/2022 11:56,Jiomart
14,590003516,Potato per kg,31,1,kg,https://www.jiomart.com/p/groceries/tapioca-1-kg/590003516,Groceries,Fruits & Vegetables,Fresh Vegetables,01/03/2022 11:56,Jiomart
15,590000143,Green Capsicum 500 g,84,500,g,https://www.jiomart.com/p/groceries/green-capsicum-500-g/590000143,Groceries,Fruits & Vegetables,Fresh Vegetables,02/03/2022 11:56,Jiomart
16,590000138,Sweet Potato 500 g,44,500,g,https://www.jiomart.com/p/groceries/sweet-potato-1-kg/590000138,Groceries,Fruits & Vegetables,Fresh Vegetables,03/03/2022 11:56,Jiomart
17,590001744,Onion 5 kg (Pack),39.6,5,kg,https://www.jiomart.com/p/groceries/onion-5-kg-pack/590001744,Groceries,Fruits & Vegetables,Fresh Vegetables,04/03/2022 11:56,Jiomart
18,590000178,Turai (Ridge Gourd) 500 g,38,500,g,https://www.jiomart.com/p/groceries/turai-ridge-gourd-1-kg/590000178,Groceries,Fruits & Vegetables,Fresh Vegetables,05/03/2022 11:56,Jiomart
19,590000129,Beetroot 500 g,49,500,g,https://www.jiomart.com/p/groceries/beetroot-1-kg/590000129,Groceries,Fruits & Vegetables,Fresh Vegetables,06/03/2022 11:56,Jiomart
20,590000126,Amla (Indian Gooseberry) 500 g,89,500,g,https://www.jiomart.com/p/groceries/amla-indian-gooseberry-500-g/590000126,Groceries,Fruits & Vegetables,Fresh Vegetables,07/03/2022 11:56,Jiomart
21,590000175,Coccinia 500 g,49,500,g,https://www.jiomart.com/p/groceries/coccinia-500-g/590000175,Groceries,Fruits & Vegetables,Fresh Vegetables,08/03/2022 11:56,Jiomart
22,590000169,Chow Chow (Bangalore Brinjal) 500 g,20,500,g,https://www.jiomart.com/p/groceries/chow-chow-bangalore-brinjal-500-g/590000169,Groceries,Fruits & Vegetables,Fresh Vegetables,09/03/2022 11:56,Jiomart
23,590000173,Bitter Gourd 500 g,48,500,g,https://www.jiomart.com/p/groceries/bitter-gourd-1-kg/590000173,Groceries,Fruits & Vegetables,Fresh Vegetables,10/03/2022 11:56,Jiomart
24,590000180,Snake Gourd Hybrid (Small) 500 g,30,500,g,https://www.jiomart.com/p/groceries/snake-gourd-hybrid-small-1-kg/590000180,Groceries,Fruits & Vegetables,Fresh Vegetables,11/03/2022 11:56,Jiomart
25,590000141,Yam 1.5 kg,30,1.5,kg,https://www.jiomart.com/p/groceries/yam-1-5-kg/590000141,Groceries,Fruits & Vegetables,Fresh Vegetables,12/03/2022 11:56,Jiomart
26,590362492,Baby Corn Unpeeled 500 g,40,500,g,https://www.jiomart.com/p/groceries/baby-corn-500-g/590362492,Groceries,Fruits & Vegetables,Fresh Vegetables,13/03/2022 11:56,Jiomart
27,590002899,Small Colocasia 500 g,38,500,g,https://www.jiomart.com/p/groceries/colocasia-small-500-g/590002899,Groceries,Fruits & Vegetables,Fresh Vegetables,14/03/2022 11:56,Jiomart
28,590831525,Sambar Onion 500 g (Pack),98,500,g,https://www.jiomart.com/p/groceries/sambar-onion-500-g-pack/590831525,Groceries,Fruits & Vegetables,Fresh Vegetables,15/03/2022 11:56,Jiomart
29,590000150,Knol Khol per kg,20,1,kg,https://www.jiomart.com/p/groceries/knol-khol-per-kg/590000150,Groceries,Fruits & Vegetables,Fresh Vegetables,16/03/2022 11:56,Jiomart
30,590000117,Curry Leaves 1 bunch (Approx 20 g - 100 g),60,100,g,https://www.jiomart.com/p/groceries/curry-leaves-1-bunch/590000117,Groceries,Fruits & Vegetables,Fresh Vegetables,17/03/2022 11:56,Jiomart
31,590033816,Tapioca per Kg,38,1,Kg,https://www.jiomart.com/p/groceries/tapioca-per-kg/590033816,Groceries,Fruits & Vegetables,Fresh Vegetables,18/03/2022 11:56,Jiomart
32,590000172,Ash Gourd 3.5 kg,35,3.5,kg,https://www.jiomart.com/p/groceries/ash-gourd-3-5-kg/590000172,Groceries,Fruits & Vegetables,Fresh Vegetables,19/03/2022 11:56,Jiomart
33,590000182,Banana Flower (Approx 180 g - 300 g),73.33,300,g,https://www.jiomart.com/p/groceries/banana-flower-per-piece/590000182,Groceries,Fruits & Vegetables,Fresh Vegetables,20/03/2022 11:56,Jiomart
34,590335340,Sweet Corn Shelled 200 g (Pack),150,200,g,https://www.jiomart.com/p/groceries/sweet-corn-shelled-200-g-pack/590335340,Groceries,Fruits & Vegetables,Fresh Vegetables,21/03/2022 11:56,Jiomart
35,590034008,Banana Stem (Approx. 150 g - 300 g),23.33,300,g,https://www.jiomart.com/p/groceries/banana-stem/590034008,Groceries,Fruits & Vegetables,Fresh Vegetables,22/03/2022 11:56,Jiomart
36,590177436,Pidi Karunai (Kg),38,1,(Kg,https://www.jiomart.com/p/groceries/pidi-karunai-kg/590177436,Groceries,Fruits & Vegetables,Fresh Vegetables,23/03/2022 11:56,Jiomart
37,590122469,Sprout Mix 150 g,186.67,150,g,https://www.jiomart.com/p/groceries/sprout-mix-150-g-pack/590122469,Groceries,Fruits & Vegetables,Fresh Vegetables,24/03/2022 11:56,Jiomart
38,590639725,Betel Leaf (Pack of 10),8,10,pc,https://www.jiomart.com/p/groceries/betel-leaf-pack-of-10/590639725,Groceries,Fruits & Vegetables,Fresh Vegetables,25/03/2022 11:56,Jiomart
39,590122470,Sprout Green 150 g,186.67,150,g,https://www.jiomart.com/p/groceries/sprout-green-150-g-pack/590122470,Groceries,Fruits & Vegetables,Fresh Vegetables,26/03/2022 11:56,Jiomart
40,590000825,Sprouts Channa Brown per Pack (Approx 150 g - 250 g),112,250,g,https://www.jiomart.com/p/groceries/sprouts-channa-brown-per-pack/590000825,Groceries,Fruits & Vegetables,Fresh Vegetables,27/03/2022 11:56,Jiomart
41,590000258,Pumkin Country 3.5 kg,44,3.5,kg,https://www.jiomart.com/p/groceries/pumkin-country-3-5-kg/590000258,Groceries,Fruits & Vegetables,Fresh Vegetables,28/03/2022 11:56,Jiomart
42,590332965,Sambar Onion Peeled 100 g (Pack),280,100,g,https://www.jiomart.com/p/groceries/sambar-onion-peeled-100-g-pack/590332965,Groceries,Fruits & Vegetables,Fresh Vegetables,29/03/2022 11:56,Jiomart
43,590834997,Banana Leaf (Pack of 5),16,5,pc,https://www.jiomart.com/p/groceries/banana-leaf-pack-of-5/590834997,Groceries,Fruits & Vegetables,Fresh Vegetables,30/03/2022 11:56,Jiomart
44,10000148,Onion - Medium/Vengayam,37.37,1,kg,https://www.bigbasket.com/pd/10000148/fresho-onion-1-kg/?nc=L2Category&t_pg=L2Cagegory&t_p=L2Category&t_s=L2Category&t_pos=3&t_ch=desktop,Groceries,Fruits & Vegetables,Fresh Vegetables,31/03/2022 11:56,Bigbasket
45,10000203,Tomato Local - Grade A/Naattu Thakkali,13,1,kg,https://www.bigbasket.com/pd/10000203/fresho-tomato-local-1-kg/?nc=L2Category&t_pg=L2Cagegory&t_p=L2Category&t_s=L2Category&t_pos=3&t_ch=desktop,Groceries,Fruits & Vegetables,Fresh Vegetables,01/04/2022 11:56,Bigbasket
46,40089743,Beans - Haricot,20.2,250,g,https://www.bigbasket.com/pd/40089743/fresho-beans-haricot-250-g/?nc=L2Category&t_pg=L2Cagegory&t_p=L2Category&t_s=L2Category&t_pos=3&t_ch=desktop,Groceries,Fruits & Vegetables,Fresh Vegetables,02/04/2022 11:56,Bigbasket
47,10000159,Potato/Urulaikizhangu,31.31,1,kg,https://www.bigbasket.com/pd/10000159/fresho-potato-1-kg/?nc=L2Category&t_pg=L2Cagegory&t_p=L2Category&t_s=L2Category&t_pos=3&t_ch=desktop,Groceries,Fruits & Vegetables,Fresh Vegetables,03/04/2022 11:56,Bigbasket
48,10000143,Ladies Finger,34,250,g,https://www.bigbasket.com/pd/10000143/fresho-ladies-finger-250-g/?nc=L2Category&t_pg=L2Cagegory&t_p=L2Category&t_s=L2Category&t_pos=3&t_ch=desktop,Groceries,Fruits & Vegetables,Fresh Vegetables,04/04/2022 11:56,Bigbasket
49,10000072,Carrot - Orange,89.88,500,g,https://www.bigbasket.com/pd/10000072/fresho-carrot-orange-500-g/?nc=L2Category&t_pg=L2Cagegory&t_p=L2Category&t_s=L2Category&t_pos=3&t_ch=desktop,Groceries,Fruits & Vegetables,Fresh Vegetables,05/04/2022 11:56,Bigbasket
50,10000102,Cucumber/Vellarikkai,15.15,1,kg,https://www.bigbasket.com/pd/10000102/fresho-cucumber-1-kg/?nc=L2Category&t_pg=L2Cagegory&t_p=L2Category&t_s=L2Category&t_pos=3&t_ch=desktop,Groceries,Fruits & Vegetables,Fresh Vegetables,06/04/2022 11:56,Bigbasket
51,10000273,Mushrooms - Button,58.58,1,pack,https://www.bigbasket.com/pd/10000273/fresho-mushrooms-button-1-pack/?nc=L2Category&t_pg=L2Cagegory&t_p=L2Category&t_s=L2Category&t_pos=3&t_ch=desktop,Groceries,Fruits & Vegetables,Fresh Vegetables,07/04/2022 11:56,Bigbasket
52,40145217,Ooty Chow Chow,22,500,g,https://www.bigbasket.com/pd/40145217/fresho-ooty-chow-chow-500-g/?nc=L2Category&t_pg=L2Cagegory&t_p=L2Category&t_s=L2Category&t_pos=3&t_ch=desktop,Groceries,Fruits & Vegetables,Fresh Vegetables,08/04/2022 11:56,Bigbasket
53,1203441,Onion 1 kg + New Potato 1 kg + Tomato - Hybrid 1 kg,86.86,1,pc,https://www.bigbasket.com/pd/1203441/fresho-onion-1-kg-new-potato-1-kg-tomato-hybrid-1-kg-combo/?nc=L2Category&t_pg=L2Cagegory&t_p=L2Category&t_s=L2Category&t_pos=3&t_ch=desktop,Groceries,Fruits & Vegetables,Fresh Vegetables,09/04/2022 11:56,Bigbasket
54,10000137,"Mint Leaves - Cleaned, without roots",50,100,g,https://www.bigbasket.com/pd/10000137/fresho-mint-leaves-cleaned-without-roots-100-g/?nc=L2Category&t_pg=L2Cagegory&t_p=L2Category&t_s=L2Category&t_pos=3&t_ch=desktop,Groceries,Fruits & Vegetables,Fresh Vegetables,10/04/2022 11:56,Bigbasket
55,10000283,Green Peas,84,500,g,https://www.bigbasket.com/pd/10000283/fresho-green-peas-500-g/?nc=L2Category&t_pg=L2Cagegory&t_p=L2Category&t_s=L2Category&t_pos=3&t_ch=desktop,Groceries,Fruits & Vegetables,Fresh Vegetables,11/04/2022 11:56,Bigbasket
56,10000331,Sambhar Onion - Grade A/Chinna Vengayam,100,1,kg,https://www.bigbasket.com/pd/10000331/fresho-onion-sambhar-1-kg/?nc=L2Category&t_pg=L2Cagegory&t_p=L2Category&t_s=L2Category&t_pos=3&t_ch=desktop,Groceries,Fruits & Vegetables,Fresh Vegetables,12/04/2022 11:56,Bigbasket
57,10000074,Cauliflower (Medium)/Cauliflower,27,1,pc,https://www.bigbasket.com/pd/10000074/fresho-cauliflower-1-pc/?nc=L2Category&t_pg=L2Cagegory&t_p=L2Category&t_s=L2Category&t_pos=3&t_ch=desktop,Groceries,Fruits & Vegetables,Fresh Vegetables,13/04/2022 11:56,Bigbasket
58,40145210,Ooty Beetroot,69,500,g,https://www.bigbasket.com/pd/40145210/fresho-ooty-beetroot-500-g/?nc=L2Category&t_pg=L2Cagegory&t_p=L2Category&t_s=L2Category&t_pos=3&t_ch=desktop,Groceries,Fruits & Vegetables,Fresh Vegetables,14/04/2022 11:56,Bigbasket
59,10000200,Tomato Hybrid/Bangalore Thakkali,18.18,1,kg,https://www.bigbasket.com/pd/10000200/fresho-tomato-hybrid-1-kg/?nc=L2Category&t_pg=L2Cagegory&t_p=L2Category&t_s=L2Category&t_pos=3&t_ch=desktop,Groceries,Fruits & Vegetables,Fresh Vegetables,15/04/2022 11:56,Bigbasket
60,10000194,Sweet Potato,44.44,500,g,https://www.bigbasket.com/pd/10000194/fresho-sweet-potato-500-g/?nc=L2Category&t_pg=L2Cagegory&t_p=L2Category&t_s=L2Category&t_pos=3&t_ch=desktop,Groceries,Fruits & Vegetables,Fresh Vegetables,16/04/2022 11:56,Bigbasket
61,40048457,Potato - New Crop,31.31,1,kg,https://www.bigbasket.com/pd/40048457/fresho-potato-new-crop-1-kg/?nc=L2Category&t_pg=L2Cagegory&t_p=L2Category&t_s=L2Category&t_pos=3&t_ch=desktop,Groceries,Fruits & Vegetables,Fresh Vegetables,17/04/2022 11:56,Bigbasket
62,10000066,Cabbage Small - Grade A/Muttai Kosu,32,1,pc,https://www.bigbasket.com/pd/10000066/fresho-cabbage-1-pc/?nc=L2Category&t_pg=L2Cagegory&t_p=L2Category&t_s=L2Category&t_pos=3&t_ch=desktop,Groceries,Fruits & Vegetables,Fresh Vegetables,18/04/2022 11:56,Bigbasket
63,10000090,Coccinia,49.48,250,g,https://www.bigbasket.com/pd/10000090/fresho-coccinia-250-g/?nc=L2Category&t_pg=L2Cagegory&t_p=L2Category&t_s=L2Category&t_pos=3&t_ch=desktop,Groceries,Fruits & Vegetables,Fresh Vegetables,19/04/2022 11:56,Bigbasket
64,10000069,Capsicum - Green,84.84,500,g,https://www.bigbasket.com/pd/10000069/fresho-capsicum-green-500-g/?nc=L2Category&t_pg=L2Cagegory&t_p=L2Category&t_s=L2Category&t_pos=3&t_ch=desktop,Groceries,Fruits & Vegetables,Fresh Vegetables,20/04/2022 11:56,Bigbasket
65,10000271,Carrot - Ooty,140,500,g,https://www.bigbasket.com/pd/10000271/fresho-carrot-ooty-500-g/?nc=L2Category&t_pg=L2Cagegory&t_p=L2Category&t_s=L2Category&t_pos=3&t_ch=desktop,Groceries,Fruits & Vegetables,Fresh Vegetables,21/04/2022 11:56,Bigbasket
66,10000379,Elephant Foot Yam/Senai Kizhangu,36,1,kg,https://www.bigbasket.com/pd/10000379/fresho-yam-elephant-foot-1-kg/?nc=L2Category&t_pg=L2Cagegory&t_p=L2Category&t_s=L2Category&t_pos=3&t_ch=desktop,Groceries,Fruits & Vegetables,Fresh Vegetables,22/04/2022 11:56,Bigbasket
67,10000094,Colocasia - Grade A/Seppankizhangu,38.38,1,kg,https://www.bigbasket.com/pd/10000094/fresho-colocasia-1-kg/?nc=L2Category&t_pg=L2Cagegory&t_p=L2Category&t_s=L2Category&t_pos=3&t_ch=desktop,Groceries,Fruits & Vegetables,Fresh Vegetables,23/04/2022 11:56,Bigbasket
68,40004992,Sweet Corn,41,2,pcs,https://www.bigbasket.com/pd/40004992/fresho-sweet-corn-2-pcs/?nc=L2Category&t_pg=L2Cagegory&t_p=L2Category&t_s=L2Category&t_pos=3&t_ch=desktop,Groceries,Fruits & Vegetables,Fresh Vegetables,24/04/2022 11:56,Bigbasket
69,10000166,Radish - White,26,500,g,https://www.bigbasket.com/pd/10000166/fresho-radish-white-500-g/?nc=L2Category&t_pg=L2Cagegory&t_p=L2Category&t_s=L2Category&t_pos=3&t_ch=desktop,Groceries,Fruits & Vegetables,Fresh Vegetables,25/04/2022 11:56,Bigbasket
70,10000332,Amla/Nellikkai,89.89,1,kg,https://www.bigbasket.com/pd/10000332/fresho-amla-1-kg/?nc=L2Category&t_pg=L2Cagegory&t_p=L2Category&t_s=L2Category&t_pos=3&t_ch=desktop,Groceries,Fruits & Vegetables,Fresh Vegetables,26/04/2022 11:56,Bigbasket
71,10000060,Brinjal - Varikatri,65.6,500,g,https://www.bigbasket.com/pd/10000060/fresho-brinjal-varikatri-500-g/?nc=L2Category&t_pg=L2Cagegory&t_p=L2Category&t_s=L2Category&t_pos=3&t_ch=desktop,Groceries,Fruits & Vegetables,Fresh Vegetables,27/04/2022 11:56,Bigbasket
72,10000049,Bitter Gourd,48.48,500,g,https://www.bigbasket.com/pd/10000049/fresho-bitter-gourd-500-g/?nc=L2Category&t_pg=L2Cagegory&t_p=L2Category&t_s=L2Category&t_pos=3&t_ch=desktop,Groceries,Fruits & Vegetables,Fresh Vegetables,28/04/2022 11:56,Bigbasket
73,10000185,Snake Gourd,30.3,500,g,https://www.bigbasket.com/pd/10000185/fresho-snake-gourd-500-g/?nc=L2Category&t_pg=L2Cagegory&t_p=L2Category&t_s=L2Category&t_pos=3&t_ch=desktop,Groceries,Fruits & Vegetables,Fresh Vegetables,29/04/2022 11:56,Bigbasket
74,10000188,Palak/Spinach,54,500,g,https://www.bigbasket.com/pd/10000188/fresho-palak-cleaned-without-roots-500-g/?nc=L2Category&t_pg=L2Cagegory&t_p=L2Category&t_s=L2Category&t_pos=3&t_ch=desktop,Groceries,Fruits & Vegetables,Fresh Vegetables,30/04/2022 11:56,Bigbasket
75,10000175,Ridge Gourd/Peerkangai,38.38,1,kg,https://www.bigbasket.com/pd/10000175/fresho-ridge-gourd-1-kg/?nc=L2Category&t_pg=L2Cagegory&t_p=L2Category&t_s=L2Category&t_pos=3&t_ch=desktop,Groceries,Fruits & Vegetables,Fresh Vegetables,01/05/2022 11:56,Bigbasket
76,10000038,Beans - Broad,80,500,g,https://www.bigbasket.com/pd/10000038/fresho-beans-broad-500-g/?nc=L2Category&t_pg=L2Cagegory&t_p=L2Category&t_s=L2Category&t_pos=3&t_ch=desktop,Groceries,Fruits & Vegetables,Fresh Vegetables,02/05/2022 11:56,Bigbasket
77,10000286,Groundnut - Fresh,112,500,g,https://www.bigbasket.com/pd/10000286/fresho-groundnut-fresh-500-g/?nc=L2Category&t_pg=L2Cagegory&t_p=L2Category&t_s=L2Category&t_pos=3&t_ch=desktop,Groceries,Fruits & Vegetables,Fresh Vegetables,03/05/2022 11:56,Bigbasket
78,10000599,Cucumber - English,38,500,g,https://www.bigbasket.com/pd/10000599/fresho-cucumber-english-500-g/?nc=L2Category&t_pg=L2Cagegory&t_p=L2Category&t_s=L2Category&t_pos=3&t_ch=desktop,Groceries,Fruits & Vegetables,Fresh Vegetables,04/05/2022 11:56,Bigbasket
79,40242452,"Coconut Flower - Medium, Rich In Fibre, Helps Manage Blood Sugar Levels",52,1,pc,https://www.bigbasket.com/pd/40242452/fresho-coconut-flower-medium-rich-in-fibre-helps-manage-blood-sugar-levels-1-pc/?nc=L2Category&t_pg=L2Cagegory&t_p=L2Category&t_s=L2Category&t_pos=3&t_ch=desktop,Groceries,Fruits & Vegetables,Fresh Vegetables,05/05/2022 11:56,Bigbasket
80,40242455,Palmyra Sprouts - Rich In Fibre & Nutrients,59,1,Bunch,https://www.bigbasket.com/pd/40242455/fresho-palmyra-sprouts-rich-in-fibre-nutrients-1-bunch/?nc=L2Category&t_pg=L2Cagegory&t_p=L2Category&t_s=L2Category&t_pos=3&t_ch=desktop,Groceries,Fruits & Vegetables,Fresh Vegetables,06/05/2022 11:56,Bigbasket
81,10000024,Baby Potato,100,500,g,https://www.bigbasket.com/pd/10000024/fresho-baby-potato-500-g/?nc=L2Category&t_pg=L2Cagegory&t_p=L2Category&t_s=L2Category&t_pos=3&t_ch=desktop,Groceries,Fruits & Vegetables,Fresh Vegetables,07/05/2022 11:56,Bigbasket
82,20000745,Bottle Gourd,13,1,pc,https://www.bigbasket.com/pd/20000745/fresho-bottle-gourd-1-pc/?nc=L2Category&t_pg=L2Cagegory&t_p=L2Category&t_s=L2Category&t_pos=3&t_ch=desktop,Groceries,Fruits & Vegetables,Fresh Vegetables,08/05/2022 11:56,Bigbasket
83,10000382,Carrot - Red,86,500,g,https://www.bigbasket.com/pd/10000382/fresho-carrot-red-500-g/?nc=L2Category&t_pg=L2Cagegory&t_p=L2Category&t_s=L2Category&t_pos=3&t_ch=desktop,Groceries,Fruits & Vegetables,Fresh Vegetables,09/05/2022 11:56,Bigbasket
84,10000162,Pumpkin - Green,45,1,kg,https://www.bigbasket.com/pd/10000162/fresho-pumpkin-green-1-kg/?nc=L2Category&t_pg=L2Cagegory&t_p=L2Category&t_s=L2Category&t_pos=3&t_ch=desktop,Groceries,Fruits & Vegetables,Fresh Vegetables,10/05/2022 11:56,Bigbasket
85,10000039,Beans - Cluster (Grade A)/Kothavarangai,83.12,1,kg,https://www.bigbasket.com/pd/10000039/fresho-beans-cluster-1-kg/?nc=L2Category&t_pg=L2Cagegory&t_p=L2Category&t_s=L2Category&t_pos=3&t_ch=desktop,Groceries,Fruits & Vegetables,Fresh Vegetables,11/05/2022 11:56,Bigbasket
86,10000133,Lettuce - Iceberg,22,1,pc,https://www.bigbasket.com/pd/10000133/fresho-lettuce-iceberg-1-pc/?nc=L2Category&t_pg=L2Cagegory&t_p=L2Category&t_s=L2Category&t_pos=3&t_ch=desktop,Groceries,Fruits & Vegetables,Fresh Vegetables,12/05/2022 11:56,Bigbasket
87,40023472,Onion - Organically Grown,40,1,kg,https://www.bigbasket.com/pd/40023472/fresho-onion-organically-grown-1-kg/?nc=L2Category&t_pg=L2Cagegory&t_p=L2Category&t_s=L2Category&t_pos=3&t_ch=desktop,Groceries,Fruits & Vegetables,Fresh Vegetables,13/05/2022 11:56,Bigbasket
88,10000010,Ash Gourd,35,1,kg,https://www.bigbasket.com/pd/10000010/fresho-ash-gourd-1-kg/?nc=L2Category&t_pg=L2Cagegory&t_p=L2Category&t_s=L2Category&t_pos=3&t_ch=desktop,Groceries,Fruits & Vegetables,Fresh Vegetables,14/05/2022 11:56,Bigbasket
89,60000758,Pidi Karanai,40,500,g,https://www.bigbasket.com/pd/60000758/fresho-pidi-karanai-500-g/?nc=L2Category&t_pg=L2Cagegory&t_p=L2Category&t_s=L2Category&t_pos=3&t_ch=desktop,Groceries,Fruits & Vegetables,Fresh Vegetables,15/05/2022 11:56,Bigbasket
90,10000580,Beans - Avare/Mochai,66,500,g,https://www.bigbasket.com/pd/10000580/fresho-beans-avare-500-g/?nc=L2Category&t_pg=L2Cagegory&t_p=L2Category&t_s=L2Category&t_pos=3&t_ch=desktop,Groceries,Fruits & Vegetables,Fresh Vegetables,16/05/2022 11:56,Bigbasket
91,40022638,"Tomato - Local, Organically Grown",21.38,500,g,https://www.bigbasket.com/pd/40022638/fresho-tomato-local-organically-grown-500-g/?nc=L2Category&t_pg=L2Cagegory&t_p=L2Category&t_s=L2Category&t_pos=3&t_ch=desktop,Groceries,Fruits & Vegetables,Fresh Vegetables,17/05/2022 11:56,Bigbasket
92,10000596,Lettuce - Green,6,70,to,https://www.bigbasket.com/pd/10000596/fresho-lettuce-green-70-to-100-gm-bunch/?nc=L2Category&t_pg=L2Cagegory&t_p=L2Category&t_s=L2Category&t_pos=3&t_ch=desktop,Groceries,Fruits & Vegetables,Fresh Vegetables,18/05/2022 11:56,Bigbasket
93,40021628,Ooty Potato - Medium,55,1,kg,https://www.bigbasket.com/pd/40021628/fresho-ooty-potato-medium-1-kg/?nc=L2Category&t_pg=L2Cagegory&t_p=L2Category&t_s=L2Category&t_pos=3&t_ch=desktop,Groceries,Fruits & Vegetables,Fresh Vegetables,19/05/2022 11:56,Bigbasket
94,40005819,Sambar Onion - Peeled (Small Onion),375,200,g,https://www.bigbasket.com/pd/40005819/fresho-sambar-onion-peeled-small-onion-200-g/?nc=L2Category&t_pg=L2Cagegory&t_p=L2Category&t_s=L2Category&t_pos=3&t_ch=desktop,Groceries,Fruits & Vegetables,Fresh Vegetables,20/05/2022 11:56,Bigbasket
95,40050087,Pumpkin Green - Cut,88,500,g,https://www.bigbasket.com/pd/40050087/fresho-pumpkin-green-cut-500-g/?nc=L2Category&t_pg=L2Cagegory&t_p=L2Category&t_s=L2Category&t_pos=3&t_ch=desktop,Groceries,Fruits & Vegetables,Fresh Vegetables,21/05/2022 11:56,Bigbasket
96,10000355,Sprouts - Mixed Gram,140,200,g,https://www.bigbasket.com/pd/10000355/fresho-sprouts-mixed-gram-200-g/?nc=L2Category&t_pg=L2Cagegory&t_p=L2Category&t_s=L2Category&t_pos=3&t_ch=desktop,Groceries,Fruits & Vegetables,Fresh Vegetables,22/05/2022 11:56,Bigbasket
97,10000171,Cabbage - Red,80,500,g,https://www.bigbasket.com/pd/10000171/fresho-cabbage-red-500-g/?nc=L2Category&t_pg=L2Cagegory&t_p=L2Category&t_s=L2Category&t_pos=3&t_ch=desktop,Groceries,Fruits & Vegetables,Fresh Vegetables,23/05/2022 11:56,Bigbasket
98,40004374,Turmeric - Fresh,60,250,g,https://www.bigbasket.com/pd/40004374/fresho-turmeric-fresh-250-g/?nc=L2Category&t_pg=L2Cagegory&t_p=L2Category&t_s=L2Category&t_pos=3&t_ch=desktop,Groceries,Fruits & Vegetables,Fresh Vegetables,24/05/2022 11:56,Bigbasket
99,10000356,Sprouts - Moong Green,140,200,g,https://www.bigbasket.com/pd/10000356/fresho-sprouts-moong-green-200-g/?nc=L2Category&t_pg=L2Cagegory&t_p=L2Category&t_s=L2Category&t_pos=3&t_ch=desktop,Groceries,Fruits & Vegetables,Fresh Vegetables,25/05/2022 11:56,Bigbasket
100,1209661,Methi 250 g + Coriander Leaves 100 g + Palak 250 g + Curry Leaves 100 g,46.25,1,pc,https://www.bigbasket.com/pd/1209661/fresho-methi-250-g-coriander-leaves-100-g-palak-250-g-curry-leaves-100-g-combo/?nc=L2Category&t_pg=L2Cagegory&t_p=L2Category&t_s=L2Category&t_pos=3&t_ch=desktop,Groceries,Fruits & Vegetables,Fresh Vegetables,26/05/2022 11:56,Bigbasket
101,20000981,Spring Onion - With roots,240,100,g,https://www.bigbasket.com/pd/20000981/fresho-spring-onion-with-roots-100-g/?nc=L2Category&t_pg=L2Cagegory&t_p=L2Category&t_s=L2Category&t_pos=3&t_ch=desktop,Groceries,Fruits & Vegetables,Fresh Vegetables,27/05/2022 11:56,Bigbasket
102,40005848,Yam - Sliced,125,200,g,https://www.bigbasket.com/pd/40005848/fresho-yam-sliced-200-g/?nc=L2Category&t_pg=L2Cagegory&t_p=L2Category&t_s=L2Category&t_pos=3&t_ch=desktop,Groceries,Fruits & Vegetables,Fresh Vegetables,28/05/2022 11:56,Bigbasket
103,40224096,Cucumber - Mangalore,22,1,pc,https://www.bigbasket.com/pd/40224096/fresho-cucumber-mangalore-1-pc-approx-500-1000-gm/?nc=L2Category&t_pg=L2Cagegory&t_p=L2Category&t_s=L2Category&t_pos=3&t_ch=desktop,Groceries,Fruits & Vegetables,Fresh Vegetables,29/05/2022 11:56,Bigbasket
104,10000275,Beans - Cowpea,46,500,g,https://www.bigbasket.com/pd/10000275/fresho-beans-cowpea-500-g/?nc=L2Category&t_pg=L2Cagegory&t_p=L2Category&t_s=L2Category&t_pos=3&t_ch=desktop,Groceries,Fruits & Vegetables,Fresh Vegetables,30/05/2022 11:56,Bigbasket
105,10000020,Baby Corn - Unpeeled,48,500,g,https://www.bigbasket.com/pd/10000020/fresho-baby-corn-unpeeled-500-g/?nc=L2Category&t_pg=L2Cagegory&t_p=L2Category&t_s=L2Category&t_pos=3&t_ch=desktop,Groceries,Fruits & Vegetables,Fresh Vegetables,31/05/2022 11:56,Bigbasket
106,40022635,Beetroot - Organically Grown,70,500,g,https://www.bigbasket.com/pd/40022635/fresho-beetroot-organically-grown-500-g/?nc=L2Category&t_pg=L2Cagegory&t_p=L2Category&t_s=L2Category&t_pos=3&t_ch=desktop,Groceries,Fruits & Vegetables,Fresh Vegetables,01/06/2022 11:56,Bigbasket
107,10000001,"Amaranthus - Green Cleaned, without roots",44,250,g,https://www.bigbasket.com/pd/10000001/fresho-amaranthus-green-cleaned-without-roots-250-g/?nc=L2Category&t_pg=L2Cagegory&t_p=L2Category&t_s=L2Category&t_pos=3&t_ch=desktop,Groceries,Fruits & Vegetables,Fresh Vegetables,02/06/2022 11:56,Bigbasket
108,40201311,Siru Keerai,44,250,g,https://www.bigbasket.com/pd/40201311/fresho-siru-keerai-250-g/?nc=L2Category&t_pg=L2Cagegory&t_p=L2Category&t_s=L2Category&t_pos=3&t_ch=desktop,Groceries,Fruits & Vegetables,Fresh Vegetables,03/06/2022 11:56,Bigbasket
109,40050086,Ash Gourd - Cut,96,250,g,https://www.bigbasket.com/pd/40050086/fresho-ash-gourd-cut-250-g/?nc=L2Category&t_pg=L2Cagegory&t_p=L2Category&t_s=L2Category&t_pos=3&t_ch=desktop,Groceries,Fruits & Vegetables,Fresh Vegetables,04/06/2022 11:56,Bigbasket
110,10000278,Knol Khol,24,500,g,https://www.bigbasket.com/pd/10000278/fresho-knol-khol-500-g/?nc=L2Category&t_pg=L2Cagegory&t_p=L2Category&t_s=L2Category&t_pos=3&t_ch=desktop,Groceries,Fruits & Vegetables,Fresh Vegetables,05/06/2022 11:56,Bigbasket
111,10000357,Sprouts - Channa Brown,120,200,g,https://www.bigbasket.com/pd/10000357/fresho-sprouts-channa-brown-200-g/?nc=L2Category&t_pg=L2Cagegory&t_p=L2Category&t_s=L2Category&t_pos=3&t_ch=desktop,Groceries,Fruits & Vegetables,Fresh Vegetables,06/06/2022 11:56,Bigbasket
112,40005821,Banana Stem - Diced,135,200,g,https://www.bigbasket.com/pd/40005821/fresho-banana-stem-diced-200-g/?nc=L2Category&t_pg=L2Cagegory&t_p=L2Category&t_s=L2Category&t_pos=3&t_ch=desktop,Groceries,Fruits & Vegetables,Fresh Vegetables,07/06/2022 11:56,Bigbasket
113,20000753,"Gongura Leaves/Pulicha - Cleaned, without roots",48,250,g,https://www.bigbasket.com/pd/20000753/fresho-gongura-leavespulicha-cleaned-without-roots-250-g/?nc=L2Category&t_pg=L2Cagegory&t_p=L2Category&t_s=L2Category&t_pos=3&t_ch=desktop,Groceries,Fruits & Vegetables,Fresh Vegetables,08/06/2022 11:56,Bigbasket
114,50000491,Cucumber - Organically Grown,21,1,kg,https://www.bigbasket.com/pd/50000491/fresho-cucumber-organically-grown-1-kg/?nc=L2Category&t_pg=L2Cagegory&t_p=L2Category&t_s=L2Category&t_pos=3&t_ch=desktop,Groceries,Fruits & Vegetables,Fresh Vegetables,09/06/2022 11:56,Bigbasket
115,40005817,Green Peas - Peeled,270,200,g,https://www.bigbasket.com/pd/40005817/fresho-green-peas-peeled-200-g/?nc=L2Category&t_pg=L2Cagegory&t_p=L2Category&t_s=L2Category&t_pos=3&t_ch=desktop,Groceries,Fruits & Vegetables,Fresh Vegetables,10/06/2022 11:56,Bigbasket
116,40004345,Lettuce - Red,18,70,to,https://www.bigbasket.com/pd/40004345/fresho-lettuce-red-70-to-100-gm-bunch/?nc=L2Category&t_pg=L2Cagegory&t_p=L2Category&t_s=L2Category&t_pos=3&t_ch=desktop,Groceries,Fruits & Vegetables,Fresh Vegetables,11/06/2022 11:56,Bigbasket
117,40010013,Carrot Strips and Beans Strip,135,200,g,https://www.bigbasket.com/pd/40010013/fresho-carrot-strips-and-beans-strip-200-g/?nc=L2Category&t_pg=L2Cagegory&t_p=L2Category&t_s=L2Category&t_pos=3&t_ch=desktop,Groceries,Fruits & Vegetables,Fresh Vegetables,12/06/2022 11:56,Bigbasket
118,10000198,Cherry Tomato/Chinna Thakkali,400,250,g,https://www.bigbasket.com/pd/10000198/fresho-tomato-cherry-250-g/?nc=L2Category&t_pg=L2Cagegory&t_p=L2Category&t_s=L2Category&t_pos=3&t_ch=desktop,Groceries,Fruits & Vegetables,Fresh Vegetables,13/06/2022 11:56,Bigbasket
119,10000157,Pak Choi,80,250,g,https://www.bigbasket.com/pd/10000157/fresho-pak-choi-250-g/?nc=L2Category&t_pg=L2Cagegory&t_p=L2Category&t_s=L2Category&t_pos=3&t_ch=desktop,Groceries,Fruits & Vegetables,Fresh Vegetables,14/06/2022 11:56,Bigbasket
120,40036723,Banana Flower - Organically Grown,22,1,pc,https://www.bigbasket.com/pd/40036723/fresho-banana-flower-organically-grown-1-pc/?nc=L2Category&t_pg=L2Cagegory&t_p=L2Category&t_s=L2Category&t_pos=3&t_ch=desktop,Groceries,Fruits & Vegetables,Fresh Vegetables,15/06/2022 11:56,Bigbasket
121,40005767,Beans - Diced,90,200,g,https://www.bigbasket.com/pd/40005767/fresho-beans-diced-200-g/?nc=L2Category&t_pg=L2Cagegory&t_p=L2Category&t_s=L2Category&t_pos=3&t_ch=desktop,Groceries,Fruits & Vegetables,Fresh Vegetables,16/06/2022 11:56,Bigbasket
122,40005796,Coriander Leaves - Chopped,160,100,g,https://www.bigbasket.com/pd/40005796/fresho-coriander-leaves-chopped-100-g/?nc=L2Category&t_pg=L2Cagegory&t_p=L2Category&t_s=L2Category&t_pos=3&t_ch=desktop,Groceries,Fruits & Vegetables,Fresh Vegetables,17/06/2022 11:56,Bigbasket
123,50000557,"Tomato - Hybrid, Organically Grown",28,1,kg,https://www.bigbasket.com/pd/50000557/fresho-tomato-hybrid-organically-grown-1-kg/?nc=L2Category&t_pg=L2Cagegory&t_p=L2Category&t_s=L2Category&t_pos=3&t_ch=desktop,Groceries,Fruits & Vegetables,Fresh Vegetables,18/06/2022 11:56,Bigbasket
124,40040312,Snake Gourd - Organically Grown,34,500,g,https://www.bigbasket.com/pd/40040312/fresho-snake-gourd-organically-grown-500-g/?nc=L2Category&t_pg=L2Cagegory&t_p=L2Category&t_s=L2Category&t_pos=3&t_ch=desktop,Groceries,Fruits & Vegetables,Fresh Vegetables,19/06/2022 11:56,Bigbasket
125,20001347,Betel Leaf,10,5,pcs,https://www.bigbasket.com/pd/20001347/fresho-betel-leaf-5-pcs/?nc=L2Category&t_pg=L2Cagegory&t_p=L2Category&t_s=L2Category&t_pos=3&t_ch=desktop,Groceries,Fruits & Vegetables,Fresh Vegetables,20/06/2022 11:56,Bigbasket
126,40005790,"Cut Cauliflower, Washed",126.66,300,g,https://www.bigbasket.com/pd/40005790/fresho-cut-cauliflower-washed-300-g/?nc=L2Category&t_pg=L2Cagegory&t_p=L2Category&t_s=L2Category&t_pos=3&t_ch=desktop,Groceries,Fruits & Vegetables,Fresh Vegetables,21/06/2022 11:56,Bigbasket
127,10000358,Sprouts - Horse Gram,105,200,g,https://www.bigbasket.com/pd/10000358/fresho-sprouts-horse-gram-200-g/?nc=L2Category&t_pg=L2Cagegory&t_p=L2Category&t_s=L2Category&t_pos=3&t_ch=desktop,Groceries,Fruits & Vegetables,Fresh Vegetables,22/06/2022 11:56,Bigbasket
128,40005784,Carrots - Diced,170,200,g,https://www.bigbasket.com/pd/40005784/fresho-carrots-diced-200-g/?nc=L2Category&t_pg=L2Cagegory&t_p=L2Category&t_s=L2Category&t_pos=3&t_ch=desktop,Groceries,Fruits & Vegetables,Fresh Vegetables,23/06/2022 11:56,Bigbasket
129,40005800,Green Cabbage - Grated,110,200,g,https://www.bigbasket.com/pd/40005800/fresho-green-cabbage-grated-200-g/?nc=L2Category&t_pg=L2Cagegory&t_p=L2Category&t_s=L2Category&t_pos=3&t_ch=desktop,Groceries,Fruits & Vegetables,Fresh Vegetables,24/06/2022 11:56,Bigbasket
130,40005850,Yellow Pumpkin - Avial Cut,115,200,g,https://www.bigbasket.com/pd/40005850/fresho-yellow-pumpkin-avial-cut-200-g/?nc=L2Category&t_pg=L2Cagegory&t_p=L2Category&t_s=L2Category&t_pos=3&t_ch=desktop,Groceries,Fruits & Vegetables,Fresh Vegetables,25/06/2022 11:56,Bigbasket
131,10000109,Drumstick/Moringa,340,250,g,https://www.bigbasket.com/pd/10000109/fresho-drumstickmoringa-250-g/?nc=L2Category&t_pg=L2Cagegory&t_p=L2Category&t_s=L2Category&t_pos=3&t_ch=desktop,Groceries,Fruits & Vegetables,Fresh Vegetables,26/06/2022 11:56,Bigbasket
132,40005809,Coccinia - Julienne,120,200,g,https://www.bigbasket.com/pd/40005809/fresho-coccinia-julienne-200-g/?nc=L2Category&t_pg=L2Cagegory&t_p=L2Category&t_s=L2Category&t_pos=3&t_ch=desktop,Groceries,Fruits & Vegetables,Fresh Vegetables,27/06/2022 11:56,Bigbasket
133,40005807,Coccinia - Sliced,125,200,g,https://www.bigbasket.com/pd/40005807/fresho-coccinia-sliced-200-g/?nc=L2Category&t_pg=L2Cagegory&t_p=L2Category&t_s=L2Category&t_pos=3&t_ch=desktop,Groceries,Fruits & Vegetables,Fresh Vegetables,28/06/2022 11:56,Bigbasket
134,40005811,Ladies Finger - Diced,130,200,g,https://www.bigbasket.com/pd/40005811/fresho-ladies-finger-diced-200-g/?nc=L2Category&t_pg=L2Cagegory&t_p=L2Category&t_s=L2Category&t_pos=3&t_ch=desktop,Groceries,Fruits & Vegetables,Fresh Vegetables,29/06/2022 11:56,Bigbasket
135,20000706,"Brinjal - Purple, Long",52,500,g,https://www.bigbasket.com/pd/20000706/fresho-brinjal-purple-long-500-g/?nc=L2Category&t_pg=L2Cagegory&t_p=L2Category&t_s=L2Category&t_pos=3&t_ch=desktop,Groceries,Fruits & Vegetables,Fresh Vegetables,30/06/2022 11:56,Bigbasket
136,40055177,Spinach - Chopped,142.48,250,g,https://www.bigbasket.com/pd/40055177/fresho-spinach-chopped-250-g/?nc=L2Category&t_pg=L2Cagegory&t_p=L2Category&t_s=L2Category&t_pos=3&t_ch=desktop,Groceries,Fruits & Vegetables,Fresh Vegetables,01/07/2022 11:56,Bigbasket
137,40005825,Ready to Cook - Potato French Fries,130,200,g,https://www.bigbasket.com/pd/40005825/fresho-ready-to-cook-potato-french-fries-200-g/?nc=L2Category&t_pg=L2Cagegory&t_p=L2Category&t_s=L2Category&t_pos=3&t_ch=desktop,Groceries,Fruits & Vegetables,Fresh Vegetables,02/07/2022 11:56,Bigbasket
138,40200639,"Alternanthera Leaves/Ponnagenni Leaves - Cleaned, without roots",140,250,g,https://www.bigbasket.com/pd/40200639/fresho-alternanthera-leavesponnagenni-leaves-cleaned-without-roots-250-g/?nc=L2Category&t_pg=L2Cagegory&t_p=L2Category&t_s=L2Category&t_pos=3&t_ch=desktop,Groceries,Fruits & Vegetables,Fresh Vegetables,03/07/2022 11:56,Bigbasket
139,40055174,Mint - Chopped,150,100,g,https://www.bigbasket.com/pd/40055174/fresho-mint-chopped-100-g/?nc=L2Category&t_pg=L2Cagegory&t_p=L2Category&t_s=L2Category&t_pos=3&t_ch=desktop,Groceries,Fruits & Vegetables,Fresh Vegetables,04/07/2022 11:56,Bigbasket
140,40004386,Radish - Red,33.24,500,g,https://www.bigbasket.com/pd/40004386/fresho-radish-red-500-g/?nc=L2Category&t_pg=L2Cagegory&t_p=L2Category&t_s=L2Category&t_pos=3&t_ch=desktop,Groceries,Fruits & Vegetables,Fresh Vegetables,05/07/2022 11:56,Bigbasket
141,10000063,Broccoli,58,1,pc,https://www.bigbasket.com/pd/10000063/fresho-broccoli-1-pc/?nc=L2Category&t_pg=L2Cagegory&t_p=L2Category&t_s=L2Category&t_pos=3&t_ch=desktop,Groceries,Fruits & Vegetables,Fresh Vegetables,06/07/2022 11:56,Bigbasket
142,40005846,Yam - Diced,125,200,g,https://www.bigbasket.com/pd/40005846/fresho-yam-diced-200-g/?nc=L2Category&t_pg=L2Cagegory&t_p=L2Category&t_s=L2Category&t_pos=3&t_ch=desktop,Groceries,Fruits & Vegetables,Fresh Vegetables,07/07/2022 11:56,Bigbasket
143,40005827,"Banana - Raw, Diced",160,200,g,https://www.bigbasket.com/pd/40005827/fresho-banana-raw-diced-200-g/?nc=L2Category&t_pg=L2Cagegory&t_p=L2Category&t_s=L2Category&t_pos=3&t_ch=desktop,Groceries,Fruits & Vegetables,Fresh Vegetables,08/07/2022 11:56,Bigbasket
144,40005772,Beetroot - Diced,150,200,g,https://www.bigbasket.com/pd/40005772/fresho-beetroot-diced-200-g/?nc=L2Category&t_pg=L2Cagegory&t_p=L2Category&t_s=L2Category&t_pos=3&t_ch=desktop,Groceries,Fruits & Vegetables,Fresh Vegetables,09/07/2022 11:56,Bigbasket
145,40005786,Carrots - Grated,175,200,g,https://www.bigbasket.com/pd/40005786/fresho-carrots-grated-200-g/?nc=L2Category&t_pg=L2Cagegory&t_p=L2Category&t_s=L2Category&t_pos=3&t_ch=desktop,Groceries,Fruits & Vegetables,Fresh Vegetables,10/07/2022 11:56,Bigbasket
146,40005829,"Banana - Raw, Sliced",160,200,g,https://www.bigbasket.com/pd/40005829/fresho-banana-raw-sliced-200-g/?nc=L2Category&t_pg=L2Cagegory&t_p=L2Category&t_s=L2Category&t_pos=3&t_ch=desktop,Groceries,Fruits & Vegetables,Fresh Vegetables,11/07/2022 11:56,Bigbasket
147,10000085,Chinese Cabbage,36,500,g,https://www.bigbasket.com/pd/10000085/fresho-chinese-cabbage-500-g/?nc=L2Category&t_pg=L2Cagegory&t_p=L2Category&t_s=L2Category&t_pos=3&t_ch=desktop,Groceries,Fruits & Vegetables,Fresh Vegetables,12/07/2022 11:56,Bigbasket
148,40005795,Chow Chow - Diced,70,300,g,https://www.bigbasket.com/pd/40005795/fresho-chow-chow-diced-300-g/?nc=L2Category&t_pg=L2Cagegory&t_p=L2Category&t_s=L2Category&t_pos=3&t_ch=desktop,Groceries,Fruits & Vegetables,Fresh Vegetables,13/07/2022 11:56,Bigbasket
149,10000205,Turnip,42,500,g,https://www.bigbasket.com/pd/10000205/fresho-turnip-500-g/?nc=L2Category&t_pg=L2Cagegory&t_p=L2Category&t_s=L2Category&t_pos=3&t_ch=desktop,Groceries,Fruits & Vegetables,Fresh Vegetables,14/07/2022 11:56,Bigbasket
150,40035572,Onion - Diced,165,200,g,https://www.bigbasket.com/pd/40035572/fresho-onion-diced-200-g/?nc=L2Category&t_pg=L2Cagegory&t_p=L2Category&t_s=L2Category&t_pos=3&t_ch=desktop,Groceries,Fruits & Vegetables,Fresh Vegetables,15/07/2022 11:56,Bigbasket
151,20004774,Ridge Gourd - Diced,110,300,g,https://www.bigbasket.com/pd/20004774/fresho-ridge-gourd-diced-300-g/?nc=L2Category&t_pg=L2Cagegory&t_p=L2Category&t_s=L2Category&t_pos=3&t_ch=desktop,Groceries,Fruits & Vegetables,Fresh Vegetables,16/07/2022 11:56,Bigbasket
152,20004776,Delhi Carrots - Grated,196.66,300,g,https://www.bigbasket.com/pd/20004776/fresho-delhi-carrots-grated-300-g/?nc=L2Category&t_pg=L2Cagegory&t_p=L2Category&t_s=L2Category&t_pos=3&t_ch=desktop,Groceries,Fruits & Vegetables,Fresh Vegetables,17/07/2022 11:56,Bigbasket
153,40005769,Beans - Julienne,90,200,g,https://www.bigbasket.com/pd/40005769/fresho-beans-julienne-200-g/?nc=L2Category&t_pg=L2Cagegory&t_p=L2Category&t_s=L2Category&t_pos=3&t_ch=desktop,Groceries,Fruits & Vegetables,Fresh Vegetables,18/07/2022 11:56,Bigbasket
154,30005197,Bottle Gourd - Diced,90,200,g,https://www.bigbasket.com/pd/30005197/fresho-bottle-gourd-diced-200-g/?nc=L2Category&t_pg=L2Cagegory&t_p=L2Category&t_s=L2Category&t_pos=3&t_ch=desktop,Groceries,Fruits & Vegetables,Fresh Vegetables,19/07/2022 11:56,Bigbasket
155,40005798,Cucumber - Sliced,90,200,g,https://www.bigbasket.com/pd/40005798/fresho-cucumber-sliced-200-g/?nc=L2Category&t_pg=L2Cagegory&t_p=L2Category&t_s=L2Category&t_pos=3&t_ch=desktop,Groceries,Fruits & Vegetables,Fresh Vegetables,20/07/2022 11:56,Bigbasket
156,40005792,Amaranthus - Chopped,210,100,g,https://www.bigbasket.com/pd/40005792/fresho-amaranthus-chopped-100-g/?nc=L2Category&t_pg=L2Cagegory&t_p=L2Category&t_s=L2Category&t_pos=3&t_ch=desktop,Groceries,Fruits & Vegetables,Fresh Vegetables,21/07/2022 11:56,Bigbasket
157,40005831,Red Cabbage - Grated,110,200,g,https://www.bigbasket.com/pd/40005831/fresho-red-cabbage-grated-200-g/?nc=L2Category&t_pg=L2Cagegory&t_p=L2Category&t_s=L2Category&t_pos=3&t_ch=desktop,Groceries,Fruits & Vegetables,Fresh Vegetables,22/07/2022 11:56,Bigbasket
158,40005805,Beans Cluster - Diced,185,200,g,https://www.bigbasket.com/pd/40005805/fresho-beans-cluster-diced-200-g/?nc=L2Category&t_pg=L2Cagegory&t_p=L2Category&t_s=L2Category&t_pos=3&t_ch=desktop,Groceries,Fruits & Vegetables,Fresh Vegetables,23/07/2022 11:56,Bigbasket
159,40005776,Bitter Gourd - Diced,130,200,g,https://www.bigbasket.com/pd/40005776/fresho-bitter-gourd-diced-200-g/?nc=L2Category&t_pg=L2Cagegory&t_p=L2Category&t_s=L2Category&t_pos=3&t_ch=desktop,Groceries,Fruits & Vegetables,Fresh Vegetables,24/07/2022 11:56,Bigbasket
160,30005196,Drumstick - Cut,430,200,g,https://www.bigbasket.com/pd/30005196/fresho-drumstick-cut-200-g/?nc=L2Category&t_pg=L2Cagegory&t_p=L2Category&t_s=L2Category&t_pos=3&t_ch=desktop,Groceries,Fruits & Vegetables,Fresh Vegetables,25/07/2022 11:56,Bigbasket
161,10000112,"Methi/Venthaya Keerai - Cleaned, without roots",55,250,g,https://www.bigbasket.com/pd/10000112/fresho-methiventhaya-keerai-cleaned-without-roots-250-g/?nc=L2Category&t_pg=L2Cagegory&t_p=L2Category&t_s=L2Category&t_pos=3&t_ch=desktop,Groceries,Fruits & Vegetables,Fresh Vegetables,26/07/2022 11:56,Bigbasket
162,40005844,White Radish - Sliced,10,200,g,https://www.bigbasket.com/pd/40005844/fresho-white-radish-sliced-200-g/?nc=L2Category&t_pg=L2Cagegory&t_p=L2Category&t_s=L2Category&t_pos=3&t_ch=desktop,Groceries,Fruits & Vegetables,Fresh Vegetables,27/07/2022 11:56,Bigbasket
163,10000597,Leeks,250,100,g,https://www.bigbasket.com/pd/10000597/fresho-leeks-100-g/?nc=L2Category&t_pg=L2Cagegory&t_p=L2Category&t_s=L2Category&t_pos=3&t_ch=desktop,Groceries,Fruits & Vegetables,Fresh Vegetables,28/07/2022 11:56,Bigbasket
164,40049433,Colocasia - Organically Grown,59,1,kg,https://www.bigbasket.com/pd/40049433/fresho-colocasia-organically-grown-1-kg/?nc=L2Category&t_pg=L2Cagegory&t_p=L2Category&t_s=L2Category&t_pos=3&t_ch=desktop,Groceries,Fruits & Vegetables,Fresh Vegetables,29/07/2022 11:56,Bigbasket
165,40050703,Yam - Cut,124,250,g,https://www.bigbasket.com/pd/40050703/fresho-yam-cut-250-g/?nc=L2Category&t_pg=L2Cagegory&t_p=L2Category&t_s=L2Category&t_pos=3&t_ch=desktop,Groceries,Fruits & Vegetables,Fresh Vegetables,30/07/2022 11:56,Bigbasket
166,50000485,Coccinia - Organically Grown,50,1,kg,https://www.bigbasket.com/pd/50000485/fresho-coccinia-organically-grown-1-kg/?nc=L2Category&t_pg=L2Cagegory&t_p=L2Category&t_s=L2Category&t_pos=3&t_ch=desktop,Groceries,Fruits & Vegetables,Fresh Vegetables,31/07/2022 11:56,Bigbasket
167,20004773,Snake gourd - Diced,90,300,g,https://www.bigbasket.com/pd/20004773/fresho-snake-gourd-diced-300-g/?nc=L2Category&t_pg=L2Cagegory&t_p=L2Category&t_s=L2Category&t_pos=3&t_ch=desktop,Groceries,Fruits & Vegetables,Fresh Vegetables,01/08/2022 11:56,Bigbasket
168,30005198,Capsicum - Diced,215,200,g,https://www.bigbasket.com/pd/30005198/fresho-capsicum-diced-200-g/?nc=L2Category&t_pg=L2Cagegory&t_p=L2Category&t_s=L2Category&t_pos=3&t_ch=desktop,Groceries,Fruits & Vegetables,Fresh Vegetables,02/08/2022 11:56,Bigbasket
169,50000466,Bitter Gourd - Organically Grown,69,250,g,https://www.bigbasket.com/pd/50000466/fresho-bitter-gourd-organically-grown-250-g/?nc=L2Category&t_pg=L2Cagegory&t_p=L2Category&t_s=L2Category&t_pos=3&t_ch=desktop,Groceries,Fruits & Vegetables,Fresh Vegetables,03/08/2022 11:56,Bigbasket
170,10000056,"Brinjal - Green, Long",48,500,g,https://www.bigbasket.com/pd/10000056/fresho-brinjal-green-long-500-g/?nc=L2Category&t_pg=L2Cagegory&t_p=L2Category&t_s=L2Category&t_pos=3&t_ch=desktop,Groceries,Fruits & Vegetables,Fresh Vegetables,04/08/2022 11:56,Bigbasket
171,10000197,Tapioca,46,500,g,https://www.bigbasket.com/pd/10000197/fresho-tapioca-500-g/?nc=L2Category&t_pg=L2Cagegory&t_p=L2Category&t_s=L2Category&t_pos=3&t_ch=desktop,Groceries,Fruits & Vegetables,Fresh Vegetables,05/08/2022 11:56,Bigbasket
172,40036724,Banana Stem - Organically Grown,20,1,pc,https://www.bigbasket.com/pd/40036724/fresho-banana-stem-organically-grown-1-pc/?nc=L2Category&t_pg=L2Cagegory&t_p=L2Category&t_s=L2Category&t_pos=3&t_ch=desktop,Groceries,Fruits & Vegetables,Fresh Vegetables,06/08/2022 11:56,Bigbasket
173,40023479,Chow Chow - Organically Grown,20,500,g,https://www.bigbasket.com/pd/40023479/fresho-chow-chow-organically-grown-500-g/?nc=L2Category&t_pg=L2Cagegory&t_p=L2Category&t_s=L2Category&t_pos=3&t_ch=desktop,Groceries,Fruits & Vegetables,Fresh Vegetables,07/08/2022 11:56,Bigbasket
174,40023471,Pumpkin - Organically Grown,79,1,pc,https://www.bigbasket.com/pd/40023471/fresho-pumpkin-organically-grown-1-pc/?nc=L2Category&t_pg=L2Cagegory&t_p=L2Category&t_s=L2Category&t_pos=3&t_ch=desktop,Groceries,Fruits & Vegetables,Fresh Vegetables,08/08/2022 11:56,Bigbasket
175,40005782,Carrot - Sliced,90,200,g,https://www.bigbasket.com/pd/40005782/fresho-carrot-sliced-200-g/?nc=L2Category&t_pg=L2Cagegory&t_p=L2Category&t_s=L2Category&t_pos=3&t_ch=desktop,Groceries,Fruits & Vegetables,Fresh Vegetables,09/08/2022 11:56,Bigbasket
176,40005837,Ridge Gourd - Sliced,90,200,g,https://www.bigbasket.com/pd/40005837/fresho-ridge-gourd-sliced-200-g/?nc=L2Category&t_pg=L2Cagegory&t_p=L2Category&t_s=L2Category&t_pos=3&t_ch=desktop,Groceries,Fruits & Vegetables,Fresh Vegetables,10/08/2022 11:56,Bigbasket
177,50000468,Bottle Gourd - Organically Grown,17.81,1,pc,https://www.bigbasket.com/pd/50000468/fresho-bottle-gourd-organically-grown-1-pc/?nc=L2Category&t_pg=L2Cagegory&t_p=L2Category&t_s=L2Category&t_pos=3&t_ch=desktop,Groceries,Fruits & Vegetables,Fresh Vegetables,11/08/2022 11:56,Bigbasket
178,1209677,Palak 250g +Ladies Finger+Cucumber+Capsicum Green (500g Each) +Bottle Gourd 1kg,105.5,1,pc,https://www.bigbasket.com/pd/1209677/fresho-palak-250g-ladies-fingercucumbercapsicum-green-500g-each-bottle-gourd-1kg-combo/?nc=L2Category&t_pg=L2Cagegory&t_p=L2Category&t_s=L2Category&t_pos=3&t_ch=desktop,Groceries,Fruits & Vegetables,Fresh Vegetables,12/08/2022 11:56,Bigbasket
179,1209673,Palak+Ladies Finger+Capsicum Green(500g Each)+Cucumber+Bottle Gourd(1kg Each),126.57,1,pc,https://www.bigbasket.com/pd/1209673/fresho-palakladies-fingercapsicum-green500g-eachcucumberbottle-gourd1kg-each-combo/?nc=L2Category&t_pg=L2Cagegory&t_p=L2Category&t_s=L2Category&t_pos=3&t_ch=desktop,Groceries,Fruits & Vegetables,Fresh Vegetables,13/08/2022 11:56,Bigbasket
180,1209675,Palak + Ladies Finger + Cucumber + Capsicum Green (500g Each) + Bottle Gourd 1kg,119,1,pc,https://www.bigbasket.com/pd/1209675/fresho-palak-ladies-finger-cucumber-capsicum-green-500g-each-bottle-gourd-1kg-combo/?nc=L2Category&t_pg=L2Cagegory&t_p=L2Category&t_s=L2Category&t_pos=3&t_ch=desktop,Groceries,Fruits & Vegetables,Fresh Vegetables,14/08/2022 11:56,Bigbasket
181,40001242,"Amaranthus - Red Cleaned, without roots",110,1,kg,https://www.bigbasket.com/pd/40001242/fresho-amaranthus-red-cleaned-without-roots-1-kg/?nc=L2Category&t_pg=L2Cagegory&t_p=L2Category&t_s=L2Category&t_pos=3&t_ch=desktop,Groceries,Fruits & Vegetables,Fresh Vegetables,15/08/2022 11:56,Bigbasket
182,50000461,"Beans - French Ring, Organically Grown",35,250,g,https://www.bigbasket.com/pd/50000461/fresho-beans-french-ring-organically-grown-250-g/?nc=L2Category&t_pg=L2Cagegory&t_p=L2Category&t_s=L2Category&t_pos=3&t_ch=desktop,Groceries,Fruits & Vegetables,Fresh Vegetables,16/08/2022 11:56,Bigbasket
183,40005788,Carrots - Julienne,150,200,g,https://www.bigbasket.com/pd/40005788/fresho-carrots-julienne-200-g/?nc=L2Category&t_pg=L2Cagegory&t_p=L2Category&t_s=L2Category&t_pos=3&t_ch=desktop,Groceries,Fruits & Vegetables,Fresh Vegetables,17/08/2022 11:56,Bigbasket
184,1203474,Fresho Meat Mutton Curry Cut Rewaji+Fresho Onion+New Potato+Tomato Hybrid (1kg),286.86,1,pc,https://www.bigbasket.com/pd/1203474/bb-combo-fresho-meat-mutton-curry-cut-rewajifresho-onionnew-potatotomato-hybrid-1kg-combo/?nc=L2Category&t_pg=L2Cagegory&t_p=L2Category&t_s=L2Category&t_pos=3&t_ch=desktop,Groceries,Fruits & Vegetables,Fresh Vegetables,18/08/2022 11:56,Bigbasket
